Papadopoulos,螤伪蟺伪未蠈蟺慰蠀位慰蟼
Papadopoulou,螤伪蟺伪未慰蟺慰蠉位慰蠀
Papageorgiou,螤伪蟺伪纬蔚蠅蟻纬委慰蠀
Oikonomou,螣喂魏慰谓蠈渭慰蠀
Papadimitriou,螤伪蟺伪未畏渭畏蟿蟻委慰蠀
Georgiou,螕蔚蠅蟻纬委慰蠀
Papaioannou,螤伪蟺伪蠆蠅维谓谓慰蠀
Pappas,螤伪蟺蟺维蟼
Vasileiou,螔伪蟽喂位蔚委慰蠀
Nikolaou,螡喂魏慰位维慰蠀
Karagiannis,螝伪蟻伪纬喂维谓谓畏蟼
Vlachos,螔位维蠂慰蟼
Antoniou,螒谓蟿蠅谓委慰蠀
Makris,螠伪魏蟻萎蟼
Papanikolaou,螤伪蟺伪谓喂魏慰位维慰蠀
Dimitriou,螖畏渭畏蟿蟻委慰蠀
Ioannidis,螜蠅伪谓谓委未畏蟼
Georgiadis,螕蔚蠅蟻纬喂维未畏蟼
Triantafyllou,韦蟻喂伪谓蟿伪蠁蠉位位慰蠀
Papadakis,螤伪蟺伪未维魏畏蟼
Athanasiou,螒胃伪谓伪蟽委慰蠀
Konstantinidis,螝蠅谓蟽蟿伪谓蟿喂谓委未畏蟼
Ioannou,螜蠅维谓谓慰蠀
Alexiou,螒位蔚尉委慰蠀
Christodoulou,围蟻喂蟽蟿慰未慰蠉位慰蠀
Theodorou,螛蔚慰未蠋蟻慰蠀
Giannopoulos,螕喂伪谓谓蠈蟺慰蠀位慰蟼
Nikolaidis,螡喂魏慰位伪螑未畏蟼
Konstantinou,螝蠅谓蟽蟿伪谓蟿委谓慰蠀
Panagiotopoulos,螤伪谓伪纬喂蠅蟿蠈蟺慰蠀位慰蟼
Michailidis,螠喂蠂伪畏位委未畏蟼
Papakonstantinou,螤伪蟺伪魏蠅谓蟽蟿伪谓蟿委谓慰蠀
Papathanasiou,螤伪蟺伪胃伪谓伪蟽委慰蠀
Antonopoulos,螒谓蟿蠅谓蠈蟺慰蠀位慰蟼
Dimopoulos,螖畏渭蠈蟺慰蠀位慰蟼
Karagianni,螝伪蟻伪纬喂维谓谓畏
Anastasiou,螒谓伪蟽蟿伪蟽委慰蠀
Dimitriadis,螖畏渭畏蟿蟻喂维未畏蟼
Pappa,螤伪蟺蟺维
Vlachou,螔位维蠂慰蠀
Vasileiadis,螔伪蟽喂位蔚喂维未畏蟼
Giannakopoulos,螕喂伪谓谓伪魏蠈蟺慰蠀位慰蟼
Angelopoulos,螒纬纬蔚位蠈蟺慰蠀位慰蟼
Dimou,螖萎渭慰蠀
Ioannidou,螜蠅伪谓谓委未慰蠀
Nikolopoulos,螡喂魏慰位蠈蟺慰蠀位慰蟼
Mylonas,螠蠀位蠅谓维蟼
Stergiou,危蟿蔚蟻纬委慰蠀
Apostolou,螒蟺慰蟽蟿蠈位慰蠀
Petropoulos,螤蔚蟿蟻蠈蟺慰蠀位慰蟼
Lamprou,螞维渭蟺蟻慰蠀
Papadaki,螤伪蟺伪未维魏畏
Christou,围蟻萎蟽蟿慰蠀
Panagiotou,螤伪谓伪纬喂蠋蟿慰蠀
Anagnostou,螒谓伪纬谓蠋蟽蟿慰蠀
Makri,螠伪魏蟻萎
Konstantinidou,螝蠅谓蟽蟿伪谓蟿喂谓委未慰蠀
Samaras,危伪渭伪蟻维蟼
Raptis,巍维蟺蟿畏蟼
Athanasopoulos,螒胃伪谓伪蟽蠈蟺慰蠀位慰蟼
Alexopoulos,螒位蔚尉蠈蟺慰蠀位慰蟼
Christopoulos,围蟻喂蟽蟿蠈蟺慰蠀位慰蟼
Stavropoulos,危蟿伪蠀蟻蠈蟺慰蠀位慰蟼
Anagnostopoulos,螒谓伪纬谓蠅蟽蟿蠈蟺慰蠀位慰蟼
Markou,螠维蟻魏慰蠀
Georgiadou,螕蔚蠅蟻纬喂维未慰蠀
Spanos,危蟺伪谓蠈蟼
Sidiropoulos,危喂未畏蟻蠈蟺慰蠀位慰蟼
Antoniadis,螒谓蟿蠅谓喂维未畏蟼
Panagopoulos,螤伪谓伪纬蠈蟺慰蠀位慰蟼
Efthymiou,螘蠀胃蠀渭委慰蠀
Spyropoulos,危蟺蠀蟻蠈蟺慰蠀位慰蟼
Theodoropoulos,螛蔚慰未蠅蟻蠈蟺慰蠀位慰蟼
Pavlidis,螤伪蠀位委未畏蟼
Athanasiadis,螒胃伪谓伪蟽喂维未畏蟼
Apostolopoulos,螒蟺慰蟽蟿慰位蠈蟺慰蠀位慰蟼
Petrou,螤苇蟿蟻慰蠀
Michalopoulos,螠喂蠂伪位蠈蟺慰蠀位慰蟼
Arvanitis,螒蟻尾伪谓委蟿畏蟼
Lazaridis,螞伪味伪蟻委未畏蟼
Kontos,螝慰谓蟿蠈蟼
Georgopoulos,螕蔚蠅蟻纬蠈蟺慰蠀位慰蟼
Panagiotidis,螤伪谓伪纬喂蠅蟿委未畏蟼
Theodoridis,螛蔚慰未蠅蟻委未畏蟼
Chatzis,围伪蟿味萎蟼
Anastasiadis,螒谓伪蟽蟿伪蟽喂维未畏蟼
Papavasileiou,螤伪蟺伪尾伪蟽喂位蔚委慰蠀
Papazoglou,螤伪蟺维味慰纬位慰蠀
Vasilopoulos,螔伪蟽喂位蠈蟺慰蠀位慰蟼
Iliopoulos,螚位喂蠈蟺慰蠀位慰蟼
Kostopoulos,螝蠅蟽蟿蠈蟺慰蠀位慰蟼
Politis,螤慰位委蟿畏蟼
Galanis,螕伪位维谓畏蟼
Stavrou,危蟿伪蠉蟻慰蠀
Apostolidis,螒蟺慰蟽蟿慰位委未畏蟼
Paraskevopoulos,螤伪蟻伪蟽魏蔚蠀蠈蟺慰蠀位慰蟼
Giannopoulou,螕喂伪谓谓慰蟺慰蠉位慰蠀
Diamantis,螖喂伪渭伪谓蟿萎蟼
Pantazis,螤伪谓蟿伪味萎蟼
Andreou,螒谓未蟻苇慰蠀
Petridis,螤蔚蟿蟻委未畏蟼
Stathopoulos,危蟿伪胃蠈蟺慰蠀位慰蟼
Nikolaidou,螡喂魏慰位伪螑未慰蠀
Michailidou,螠喂蠂伪畏位委未慰蠀
Dimopoulou,螖畏渭慰蟺慰蠉位慰蠀
Mavridis,螠伪蠀蟻委未畏蟼
Kyriakou,螝蠀蟻喂维魏慰蠀
Grigoriadis,螕蟻畏纬慰蟻喂维未畏蟼
Efstathiou,螘蠀蟽蟿伪胃委慰蠀
Sideris,危喂未苇蟻畏蟼
Kyriakidis,螝蠀蟻喂伪魏委未畏蟼
Diamantopoulos,螖喂伪渭伪谓蟿蠈蟺慰蠀位慰蟼
Panagiotopoulou,螤伪谓伪纬喂蠅蟿慰蟺慰蠉位慰蠀
Anastasopoulos,螒谓伪蟽蟿伪蟽蠈蟺慰蠀位慰蟼
Savvidis,危伪尾尾委未畏蟼
Georgakopoulos,螕蔚蠅蟻纬伪魏蠈蟺慰蠀位慰蟼
Dimitropoulos,螖畏渭畏蟿蟻蠈蟺慰蠀位慰蟼
Vasilakis,螔伪蟽喂位维魏畏蟼
Rizos,巍委味慰蟼
Argyropoulos,螒蟻纬蠀蟻蠈蟺慰蠀位慰蟼
Moraitis,螠蠅蟻伪螑蟿畏蟼
Sotiropoulos,危蠅蟿畏蟻蠈蟺慰蠀位慰蟼
Charalampidis,围伪蟻伪位伪渭蟺委未畏蟼
Iliadis,螚位喂维未畏蟼
Antonopoulou,螒谓蟿蠅谓慰蟺慰蠉位慰蠀
Sotiriou,危蠅蟿畏蟻委慰蠀
Lampropoulos,螞伪渭蟺蟻蠈蟺慰蠀位慰蟼
Chatzigeorgiou,围伪蟿味畏纬蔚蠅蟻纬委慰蠀
Angelis,螒纬纬蔚位萎蟼
Nikolopoulou,螡喂魏慰位慰蟺慰蠉位慰蠀
Giannakopoulou,螕喂伪谓谓伪魏慰蟺慰蠉位慰蠀
Kollias,螝蠈位位喂伪蟼
Margaritis,螠伪蟻纬伪蟻委蟿畏蟼
Vasileiadou,螔伪蟽喂位蔚喂维未慰蠀
Katsaros,螝伪蟿蟽伪蟻蠈蟼
Chatzi,围伪蟿味萎
Sarris,危伪蟻蟻萎蟼
Roussos,巍慰蠉蟽蟽慰蟼
Evangelou,螘蠀伪纬纬苇位慰蠀
Fotiadis,桅蠅蟿喂维未畏蟼
Stefanidis,危蟿蔚蠁伪谓委未畏蟼
Mylona,螠蠀位蠅谓维
Gkikas,螕魏委魏伪蟼
Angelopoulou,螒纬纬蔚位慰蟺慰蠉位慰蠀
Eleftheriadis,螘位蔚蠀胃蔚蟻喂维未畏蟼
Kontogiannis,螝慰谓蟿慰纬喂维谓谓畏蟼
Dimitriadou,螖畏渭畏蟿蟻喂维未慰蠀
Samara,危伪渭伪蟻维
Spyrou,危蟺蠉蟻慰蠀
Stavropoulou,危蟿伪蠀蟻慰蟺慰蠉位慰蠀
Petropoulou,螤蔚蟿蟻慰蟺慰蠉位慰蠀
Symeonidis,危蠀渭蔚蠅谓委未畏蟼
Konstantopoulos,螝蠅谓蟽蟿伪谓蟿蠈蟺慰蠀位慰蟼
Kalogeropoulos,螝伪位慰纬蔚蟻蠈蟺慰蠀位慰蟼
Kyriakopoulos,螝蠀蟻喂伪魏蠈蟺慰蠀位慰蟼
Filippou,桅喂位委蟺蟺慰蠀
Vogiatzis,螔慰纬喂伪蟿味萎蟼
Athanasopoulou,螒胃伪谓伪蟽慰蟺慰蠉位慰蠀
Eleftheriou,螘位蔚蠀胃蔚蟻委慰蠀
Fotopoulos,桅蠅蟿蠈蟺慰蠀位慰蟼
Voulgaris,螔慰蠉位纬伪蟻畏蟼
Christopoulou,围蟻喂蟽蟿慰蟺慰蠉位慰蠀
Chatzopoulos,围伪蟿味蠈蟺慰蠀位慰蟼
Spyropoulou,危蟺蠀蟻慰蟺慰蠉位慰蠀
Argyriou,螒蟻纬蠀蟻委慰蠀
Georgopoulou,螕蔚蠅蟻纬慰蟺慰蠉位慰蠀
Triantafyllidis,韦蟻喂伪谓蟿伪蠁蠀位位委未畏蟼
Sakellariou,危伪魏蔚位位伪蟻委慰蠀
Kanellopoulos,螝伪谓蔚位位蠈蟺慰蠀位慰蟼
Avramidis,螒尾蟻伪渭委未畏蟼
Athanasiadou,螒胃伪谓伪蟽喂维未慰蠀
Spanou,危蟺伪谓慰蠉
Sidiropoulou,危喂未畏蟻慰蟺慰蠉位慰蠀
Kyriazis,螝蠀蟻喂伪味萎蟼
Papachristou,螤伪蟺伪蠂蟻萎蟽蟿慰蠀
Petrakis,螤蔚蟿蟻维魏畏蟼
Daskalakis,螖伪蟽魏伪位维魏畏蟼
Stefanou,危蟿蔚蠁维谓慰蠀
Anagnostopoulou,螒谓伪纬谓蠅蟽蟿慰蟺慰蠉位慰蠀
Kritikos,螝蟻畏蟿喂魏蠈蟼
Kechagias,螝蔚蠂伪纬喂维蟼
Pavlou,螤伪蠉位慰蠀
Rigas,巍萎纬伪蟼
Arampatzis,螒蟻伪渭蟺伪蟿味萎蟼
Kostopoulou,螝蠅蟽蟿慰蟺慰蠉位慰蠀
Lazaridou,螞伪味伪蟻委未慰蠀
Zervas,螙苇蟻尾伪蟼
Alexopoulou,螒位蔚尉慰蟺慰蠉位慰蠀
Theodoridou,螛蔚慰未蠅蟻委未慰蠀
Stamatiou,危蟿伪渭伪蟿委慰蠀
Asimakopoulos,螒蟽畏渭伪魏蠈蟺慰蠀位慰蟼
Tsakiris,韦蟽伪魏委蟻畏蟼
Apostolopoulou,螒蟺慰蟽蟿慰位慰蟺慰蠉位慰蠀
Theodosiou,螛蔚慰未慰蟽委慰蠀
Mitropoulos,螠畏蟿蟻蠈蟺慰蠀位慰蟼
Paraskevopoulou,螤伪蟻伪蟽魏蔚蠀慰蟺慰蠉位慰蠀
Panagopoulou,螤伪谓伪纬慰蟺慰蠉位慰蠀
Panou,螤维谓慰蠀
Karalis,螝伪蟻伪位萎蟼
Karras,螝伪蟻蟻维蟼
Pavlidou,螤伪蠀位委未慰蠀
Ali,螒位萎
Dimitrakopoulos,螖畏渭畏蟿蟻伪魏蠈蟺慰蠀位慰蟼
Papanastasiou,螤伪蟺伪谓伪蟽蟿伪蟽委慰蠀
Michail,螠喂蠂伪萎位
Adamopoulos,螒未伪渭蠈蟺慰蠀位慰蟼
Michalopoulou,螠喂蠂伪位慰蟺慰蠉位慰蠀
Rapti,巍维蟺蟿畏
Papatheodorou,螤伪蟺伪胃蔚慰未蠋蟻慰蠀
Deligiannis,螖蔚位畏纬喂维谓谓畏蟼
Vasilopoulou,螔伪蟽喂位慰蟺慰蠉位慰蠀
Iliopoulou,螚位喂慰蟺慰蠉位慰蠀
Panagiotidou,螤伪谓伪纬喂蠅蟿委未慰蠀
Markopoulos,螠伪蟻魏蠈蟺慰蠀位慰蟼
Antoniadou,螒谓蟿蠅谓喂维未慰蠀
Singh,危喂谓纬魏
Kefalas,螝蔚蠁伪位维蟼
Papagiannis,螤伪蟺伪纬喂维谓谓畏蟼
Kontou,螝蠈谓蟿慰蠀
Zisis,螙萎蟽畏蟼
Stamatopoulos,危蟿伪渭伪蟿蠈蟺慰蠀位慰蟼
Grigoriou,螕蟻畏纬慰蟻委慰蠀
Theocharis,螛蔚慰蠂维蟻畏蟼
Stamou,危蟿维渭慰蠀
Nikou,螡委魏慰蠀
Kolovos,螝慰位慰尾蠈蟼
Xanthopoulos,螢伪谓胃蠈蟺慰蠀位慰蟼
Theodoropoulou,螛蔚慰未蠅蟻慰蟺慰蠉位慰蠀
Giannoulis,螕喂伪谓谓慰蠉位畏蟼
Angelidis,螒纬纬蔚位委未畏蟼
Kyritsis,螝蠀蟻委蟿蟽畏蟼
Diamanti,螖喂伪渭伪谓蟿萎
Doukas,螖慰蠉魏伪蟼
Apostalidou,螒蟺慰蟽蟿慰位委未慰蠀
Paschalidis,螤伪蟽蠂伪位委未畏蟼
Floros,桅位蠋蟻慰蟼
Fragkos,桅蟻维纬魏慰蟼
Mavridou,螠伪蠀蟻委未慰蠀
Paraskevas,螤伪蟻伪蟽魏蔚蠀维蟼
Sideri,危喂未苇蟻畏
Roussou,巍慰蠉蟽蟽慰蠀
Roumeliotis,巍慰蠀渭蔚位喂蠋蟿畏蟼
Tsoukalas,韦蟽慰蠀魏伪位维蟼
Galani,螕伪位维谓畏
Drosos,螖蟻蠈蟽慰蟼
Lampropoulou,螞伪渭蟺蟻慰蟺慰蠉位慰蠀
Kosmidis,螝慰蟽渭委未畏蟼
Loukas,螞慰蠀魏维蟼
Alexandris,螒位蔚尉伪谓未蟻萎蟼
Pantazi,螤伪谓蟿伪味萎
Charalampidou,围伪蟻伪位伪渭蟺委未慰蠀
Kalyvas,螝伪位蠉尾伪蟼
Sarri,危伪蟻蟻萎
Argyropoulou,螒蟻纬蠀蟻慰蟺慰蠉位慰蠀
Papakostas,螤伪蟺伪魏蠋蟽蟿伪蟼
Kyriakidou,螝蠀蟻喂伪魏委未慰蠀
Anastasiadou,螒谓伪蟽蟿伪蟽喂维未慰蠀
Kokkinos,螝蠈魏魏喂谓慰蟼
Stathopoulou,危蟿伪胃慰蟺慰蠉位慰蠀
Anastasopoulou,螒谓伪蟽蟿伪蟽慰蟺慰蠉位慰蠀
Stamoulis,危蟿伪渭慰蠉位畏蟼
Arvaniti,螒蟻尾伪谓委蟿畏
Sotiropoulou,危蠅蟿畏蟻慰蟺慰蠉位慰蠀
Ziogas,螙喂蠋纬伪蟼
Stamatis,危蟿伪渭维蟿畏蟼
Mouratidis,螠慰蠀蟻伪蟿委未畏蟼
Lazarou,螞伪味维蟻慰蠀
Moustakas,螠慰蠀蟽蟿维魏伪蟼
Diamantopoulou,螖喂伪渭伪谓蟿慰蟺慰蠉位慰蠀
Vasilaki,螔伪蟽喂位维魏畏
Dimos,螖萎渭慰蟼
Papoutsis,螤伪蟺慰蠀蟿蟽萎蟼
Fragkou,桅蟻维纬魏慰蠀
Chalkias,围伪位魏喂维蟼
Zafeiropoulos,螙伪蠁蔚喂蟻蠈蟺慰蠀位慰蟼
Manolis,螠伪谓蠋位畏蟼
Kyriakopoulou,螝蠀蟻喂伪魏慰蟺慰蠉位慰蠀
Georgakopoulou,螕蔚蠅蟻纬伪魏慰蟺慰蠉位慰蠀
Lekkas,螞苇魏魏伪蟼
Andreadis,螒谓未蟻蔚维未畏蟼
Chronopoulos,围蟻慰谓蠈蟺慰蠀位慰蟼
Papantoniou,螤伪蟺伪谓蟿蠅谓委慰蠀
Polyzos,螤慰位蠉味慰蟼
Savvidou,危伪尾尾委未慰蠀
Petridou,螤蔚蟿蟻委未慰蠀
Liapis,螞喂维蟺畏蟼
Papandreou,螤伪蟺伪谓未蟻苇慰蠀
Emmanouil,螘渭渭伪谓慰蠀萎位
Marinos,螠伪蟻委谓慰蟼
Bouras,螠蟺慰蠉蟻伪蟼
Emmanouilidis,螘渭渭伪谓慰蠀畏位委未畏蟼
Goulas,螕慰蠉位伪蟼
Angeli,螒纬纬蔚位萎
Tzimas,韦味委渭伪蟼
Zacharopoulos,螙伪蠂伪蟻蠈蟺慰蠀位慰蟼
Nikolakopoulos,螡喂魏慰位伪魏蠈蟺慰蠀位慰蟼
Kalantzis,螝伪位伪谓蟿味萎蟼
Kollia,螝蠈位位喂伪
Nikas,螡委魏伪蟼
Drakopoulos,螖蟻伪魏蠈蟺慰蠀位慰蟼
Michos,螠委蠂慰蟼
Vlachopoulos,螔位伪蠂蠈蟺慰蠀位慰蟼
Tsekouras,韦蟽蔚魏慰蠉蟻伪蟼
Daskalaki,螖伪蟽魏伪位维魏畏
Charalampous,围伪蟻伪位维渭蟺慰蠀蟼
Apostolakis,螒蟺慰蟽蟿慰位维魏畏蟼
Kalaitzis,螝伪位伪蠆蟿味萎蟼
Kalogirou,螝伪位慰纬蠉蟻慰蠀
Nakos,螡维魏慰蟼
Aslanidis,螒蟽位伪谓委未畏蟼
Fotopoulou,桅蠅蟿慰蟺慰蠉位慰蠀
Stamatakis,危蟿伪渭伪蟿维魏畏蟼
Koulouris,螝慰蠀位慰蠉蟻畏蟼
Liakos,螞喂维魏慰蟼
Konstantopoulou,螝蠅谓蟽蟿伪谓蟿慰蟺慰蠉位慰蠀
Dimitrakopoulou,螖畏渭畏蟿蟻伪魏慰蟺慰蠉位慰蠀
Chatzopoulou,围伪蟿味慰蟺慰蠉位慰蠀
Kosmas,螝慰蟽渭维蟼
Eleftheriadou,螘位蔚蠀胃蔚蟻喂维未慰蠀
Grivas,螕蟻委尾伪蟼
Oikonomidis,螣喂魏慰谓慰渭委未畏蟼
Grigoriadou,螕蟻畏纬慰蟻喂维未慰蠀
Karakostas,螝伪蟻伪魏蠋蟽蟿伪蟼
Psarras,唯伪蟻蟻维蟼
Angelou,螒纬纬苇位慰蠀
Tsolakis,韦蟽慰位维魏畏蟼
Moschos,螠蠈蟽蠂慰蟼
Giannakis,螕喂伪谓谓维魏畏蟼
Giannakos,螕喂伪谓谓维魏慰蟼
Chatzidimitriou,围伪蟿味畏未畏渭畏蟿蟻委慰蠀
Iosifidis,螜蠅蟽畏蠁委未畏蟼
Papamichail,螤伪蟺伪渭喂蠂伪萎位
Kanellopoulou,螝伪谓蔚位位慰蟺慰蠉位慰蠀
Dimas,螖萎渭伪蟼
Zografos,螙蠅纬蟻维蠁慰蟼
Kalogeropoulou,螝伪位慰纬蔚蟻慰蟺慰蠉位慰蠀
Chatzinikolaou,围伪蟿味畏谓喂魏慰位维慰蠀
Voulgari,螔慰蠉位纬伪蟻畏
Markakis,螠伪蟻魏维魏畏蟼
Karagiannidis,螝伪蟻伪纬喂伪谓谓委未畏蟼
Stamos,危蟿维渭慰蟼
Zafeiris,螙伪蠁蔚委蟻畏蟼
Gkika,螕魏委魏伪
Zachos,螙维蠂慰蟼
Chatziioannou,围伪蟿味畏喂蠅维谓谓慰蠀
Symeonidou,危蠀渭蔚蠅谓委未慰蠀
Stefanidou,危蟿蔚蠁伪谓委未慰蠀
Triantafyllidou,韦蟻喂伪谓蟿伪蠁蠀位位委未慰蠀
Kritikou,螝蟻畏蟿喂魏慰蠉
Stavridis,危蟿伪蠀蟻委未畏蟼
Petraki,螤蔚蟿蟻维魏畏
Zafeiriou,螙伪蠁蔚喂蟻委慰蠀
Fotiou,桅蠅蟿委慰蠀
Dimitropoulou,螖畏渭畏蟿蟻慰蟺慰蠉位慰蠀
Angelakis,螒纬纬蔚位维魏畏蟼
Vlachakis,螔位伪蠂维魏畏蟼
Kontogianni,螝慰谓蟿慰纬喂维谓谓畏
Chatzidakis,围伪蟿味畏未维魏畏蟼
Iliadou,螚位喂维未慰蠀
Karatzas,螝伪蟻伪蟿味维蟼
Kechagia,螝蔚蠂伪纬喂维
Efthymiadis,螘蠀胃蠀渭喂维未畏蟼
Vogiatzi,螔慰纬喂伪蟿味萎
Katsoulis,螝伪蟿蟽慰蠉位畏蟼
Zerva,螙苇蟻尾伪
Stamatopoulou,危蟿伪渭伪蟿慰蟺慰蠉位慰蠀
Fotiadou,桅蠅蟿喂维未慰蠀
Katsarou,螝伪蟿蟽伪蟻慰蠉
Rizou,巍委味慰蠀
Christidis,围蟻喂蟽蟿委未畏蟼
Kapsalis,螝伪蠄维位畏蟼
Maragkos,螠伪蟻伪纬魏蠈蟼
Drakos,螖蟻维魏慰蟼
Thanos,螛维谓慰蟼
Karachalios,螝伪蟻伪蠂维位喂慰蟼
Kostakis,螝蠅蟽蟿维魏畏蟼
Filippidis,桅喂位喂蟺蟺委未畏蟼
Makridis,螠伪魏蟻委未畏蟼
Sakkas,危伪魏魏维蟼
Kostas,螝蠋蟽蟿伪蟼
Zervos,螙苇蟻尾慰蟼
Metaxas,螠蔚蟿伪尉维蟼
Peppas,螤苇蟺蟺伪蟼
Koutras,螝慰蠉蟿蟻伪蟼
Liakopoulos,螞喂伪魏蠈蟺慰蠀位慰蟼
Adam,螒未维渭
Kourtis,螝慰蠉蟻蟿畏蟼
Ivanova,螜尾维谓慰尾伪
Kampouris,螝伪渭蟺慰蠉蟻畏蟼
Karageorgiou,螝伪蟻伪纬蔚蠅蟻纬委慰蠀
Thomas,螛蠅渭维蟼
Mavroudis,螠伪蠀蟻慰蠉未畏蟼
Chronis,围蟻蠈谓畏蟼
Manos,螠维谓慰蟼
Bellos,螠蟺苇位位慰蟼
Margariti,螠伪蟻纬伪蟻委蟿畏
Pagonis,螤伪纬蠋谓畏蟼
Christoforidis,围蟻喂蟽蟿慰蠁慰蟻委未畏蟼
Orfanos,螣蟻蠁伪谓蠈蟼
Paschalis,螤伪蟽蠂维位畏蟼
Karali,螝伪蟻伪位萎
Ivanov,螜尾维谓慰蠁
Oikonomopoulos,螣喂魏慰谓慰渭蠈蟺慰蠀位慰蟼
Asimakopoulou,螒蟽畏渭伪魏慰蟺慰蠉位慰蠀
Gkoumas,螕魏慰蠉渭伪蟼
Pantelidis,螤伪谓蟿蔚位委未畏蟼
Alexandropoulos,螒位蔚尉伪谓未蟻蠈蟺慰蠀位慰蟼
Riga,巍萎纬伪
Simos,危委渭慰蟼
Adamidis,螒未伪渭委未畏蟼
Poulios,螤慰蠉位喂慰蟼
Kefala,螝蔚蠁伪位维
Papastergiou,螤伪蟺伪蟽蟿蔚蟻纬委慰蠀
Xanthopoulou,螢伪谓胃慰蟺慰蠉位慰蠀
Avramidou,螒尾蟻伪渭委未慰蠀
Sfakianakis,危蠁伪魏喂伪谓维魏畏蟼
Maniatis,螠伪谓喂维蟿畏蟼
Lymperopoulos,螞蠀渭蟺蔚蟻蠈蟺慰蠀位慰蟼
Lappas,螞维蟺蟺伪蟼
Bakalis,螠蟺伪魏维位畏蟼
Zachariadis,螙伪蠂伪蟻喂维未畏蟼
Tatsis,韦维蟿蟽畏蟼
Kyriazi,螝蠀蟻喂伪味萎
Lagos,螞伪纬蠈蟼
Chousein,围慰蠀蟽蔚螑谓
Zacharakis,螙伪蠂伪蟻维魏畏蟼
Mantas,螠伪谓蟿维蟼
Orfanidis,螣蟻蠁伪谓委未畏蟼
Muhammad,螠慰蠀蠂维渭伪谓蟿
Karra,螝伪蟻蟻维
Sotiriadis,危蠅蟿畏蟻喂维未畏蟼
Spiliopoulos,危蟺畏位喂蠈蟺慰蠀位慰蟼
Moschou,螠蠈蟽蠂慰蠀
Mavromatis,螠伪蠀蟻慰渭维蟿畏蟼
Kokkinou,螝慰魏魏委谓慰蠀
Arampatzi,螒蟻伪渭蟺伪蟿味萎
Theodorakis,螛蔚慰未蠅蟻维魏畏蟼
Chasiotis,围伪蟽喂蠋蟿畏蟼
Charalampopoulos,围伪蟻伪位伪渭蟺蠈蟺慰蠀位慰蟼
Deligianni,螖蔚位畏纬喂维谓谓畏
Tsakiri,韦蟽伪魏委蟻畏
Kanakis,螝伪谓维魏畏蟼
Markopoulou,螠伪蟻魏慰蟺慰蠉位慰蠀
Kokkalis,螝蠈魏魏伪位畏蟼
Farmakis,桅伪蟻渭维魏畏蟼
Chasan,围伪蟽维谓
Tsamis,韦蟽维渭畏蟼
Argyris,螒蟻纬蠉蟻畏蟼
Arvanitakis,螒蟻尾伪谓喂蟿维魏畏蟼
Mitropoulou,螠畏蟿蟻慰蟺慰蠉位慰蠀
Papadatos,螤伪蟺伪未维蟿慰蟼
Adamopoulou,螒未伪渭慰蟺慰蠉位慰蠀
Drosou,螖蟻蠈蟽慰蠀
Logothetis,螞慰纬慰胃苇蟿畏蟼
Kotsis,螝蠈蟿蟽畏蟼
Alexakis,螒位蔚尉维魏畏蟼
Chouliaras,围慰蠀位喂维蟻伪蟼
Galanopoulos,螕伪位伪谓蠈蟺慰蠀位慰蟼
Ilias,螚位委伪蟼
Paschalidou,螤伪蟽蠂伪位委未慰蠀
Karampelas,螝伪蟻维渭蟺蔚位伪蟼
Angelidou,螒纬纬蔚位委未慰蠀
Florou,桅位蠋蟻慰蠀
Papachristos,螤伪蟺伪蠂蟻萎蟽蟿慰蟼
Chalkia,围伪位魏喂维
Alexandridis,螒位蔚尉伪谓未蟻委未畏蟼
Paterakis,螤伪蟿蔚蟻维魏畏蟼
Liolios,螞喂蠈位喂慰蟼
Terzis,韦蔚蟻味萎蟼
Chiotis,围喂蠋蟿畏蟼
Zafeiropoulou,螙伪蠁蔚喂蟻慰蟺慰蠉位慰蠀
Karagkounis,螝伪蟻伪纬魏慰蠉谓畏蟼
Tsironis,韦蟽喂蟻蠋谓畏蟼
Fragkoulis,桅蟻伪纬魏慰蠉位畏蟼
Theochari,螛蔚慰蠂维蟻畏
Tsoukala,韦蟽慰蠀魏伪位维
Nika,螡委魏伪
Papagianni,螤伪蟺伪纬喂维谓谓畏
Xenos,螢苇谓慰蟼
Nanos,螡维谓慰蟼
Kalogiannis,螝伪位慰纬喂维谓谓畏蟼
Stathis,危蟿维胃畏蟼
Kalaitzidis,螝伪位伪蠆蟿味委未畏蟼
Stergiopoulos,危蟿蔚蟻纬喂蠈蟺慰蠀位慰蟼
Nomikos,螡慰渭喂魏蠈蟼
Marinou,螠伪蟻委谓慰蠀
Ahmed,螒蠂渭苇谓蟿
Karageorgos,螝伪蟻伪纬蔚蠋蟻纬慰蟼
Douka,螖慰蠉魏伪
Iordanidis,螜慰蟻未伪谓委未畏蟼
Pavlopoulos,螤伪蠀位蠈蟺慰蠀位慰蟼
Gkogkos,螕魏蠈纬魏慰蟼
Stamataki,危蟿伪渭伪蟿维魏畏
Andrikopoulos,螒谓未蟻喂魏蠈蟺慰蠀位慰蟼
Karavasilis,螝伪蟻伪尾伪蟽委位畏蟼
Pantazopoulos,螤伪谓蟿伪味蠈蟺慰蠀位慰蟼
Christakis,围蟻喂蟽蟿维魏畏蟼
Tsarouchas,韦蟽伪蟻慰蠉蠂伪蟼
Tzikas,韦味委魏伪蟼
Gkinis,螕魏委谓畏蟼
Raftopoulos,巍伪蠁蟿蠈蟺慰蠀位慰蟼
Chronopoulou,围蟻慰谓慰蟺慰蠉位慰蠀
Michas,螠委蠂伪蟼
Karathanasis,螝伪蟻伪胃伪谓维蟽畏蟼
Gkotsis,螕魏蠈蟿蟽畏蟼
Zois,螙蠋畏蟼
Politi,螤慰位委蟿畏
Giannouli,螕喂伪谓谓慰蠉位畏
Katsikas,螝伪蟿蟽委魏伪蟼
Hoxha,围蠈蟿味伪
Pantelis,螤伪谓蟿蔚位萎蟼
Papakosta,螤伪蟺伪魏蠋蟽蟿伪
Manousakis,螠伪谓慰蠀蟽维魏畏蟼
Kolovou,螝慰位慰尾慰蠉
Makrygiannis,螠伪魏蟻蠀纬喂维谓谓畏蟼
Michou,螠委蠂慰蠀
Charitos,围伪蟻委蟿慰蟼
Zisi,螙萎蟽畏
Lekka,螞苇魏魏伪
Stamati,危蟿伪渭维蟿畏
Chatziantoniou,围伪蟿味畏伪谓蟿蠅谓委慰蠀
Tselios,韦蟽苇位喂慰蟼
Zacharopoulou,螙伪蠂伪蟻慰蟺慰蠉位慰蠀
Mathioudakis,螠伪胃喂慰蠀未维魏畏蟼
Bakas,螠蟺维魏伪蟼
Alexiadis,螒位蔚尉喂维未畏蟼
Moustafa,螠慰蠀蟽蟿维蠁伪
Manoli,螠伪谓蠋位畏
Kapetanakis,螝伪蟺蔚蟿伪谓维魏畏蟼
Zacharias,螙伪蠂伪蟻委伪蟼
Zografou,螙蠅纬蟻维蠁慰蠀
Georgakis,螕蔚蠅蟻纬维魏畏蟼
Zacharis,螙维蠂伪蟻畏蟼
Matthaiou,螠伪蟿胃伪委慰蠀
Spyridakis,危蟺蠀蟻喂未维魏畏蟼
Vlachopoulou,螔位伪蠂慰蟺慰蠉位慰蠀
Kaloudis,螝伪位慰蠉未畏蟼
Apostolaki,螒蟺慰蟽蟿慰位维魏畏
Zormpas,螙慰蟻渭蟺维蟼
Machairas,螠伪蠂伪喂蟻维蟼
Papagiannopoulos,螤伪蟺伪纬喂伪谓谓蠈蟺慰蠀位慰蟼
Karvounis,螝伪蟻尾慰蠉谓畏蟼
Kokkinis,螝慰魏魏委谓畏蟼
Papapostolou,螤伪蟺伪蟺慰蟽蟿蠈位慰蠀
Amanatidis,螒渭伪谓伪蟿委未畏蟼
Marinakis,螠伪蟻喂谓维魏畏蟼
Markaki,螠伪蟻魏维魏畏
Chatzakis,围伪蟿味维魏畏蟼
Chatzikonstantinou,围伪蟿味畏魏蠅谓蟽蟿伪谓蟿委谓慰蠀
Cela,韦蟽苇位伪
Zikos,螙萎魏慰蟼
Gavriil,螕伪尾蟻喂萎位
Paschos,螤维蟽蠂慰蟼
Dedes,螖苇未蔚蟼
Kosmidou,螝慰蟽渭委未慰蠀
Tzortzis,韦味蠋蟻蟿味畏蟼
Mavropoulos,螠伪蠀蟻蠈蟺慰蠀位慰蟼
Theodorakopoulos,螛蔚慰未蠅蟻伪魏蠈蟺慰蠀位慰蟼
Tsagkarakis,韦蟽伪纬魏伪蟻维魏畏蟼
Dimakis,螖畏渭维魏畏蟼
Yfantis,违蠁伪谓蟿萎蟼
Sigalas,危喂纬维位伪蟼
Kiousis,螝喂慰蠉蟽畏蟼
Mitrou,螠萎蟿蟻慰蠀
Stefanakis,危蟿蔚蠁伪谓维魏畏蟼
Fragkiadakis,桅蟻伪纬魏喂伪未维魏畏蟼
Gavalas,螕伪尾伪位维蟼
Iosifidou,螜蠅蟽畏蠁委未慰蠀
Thomaidis,螛蠅渭伪螑未畏蟼
Giotis,螕喂蠋蟿畏蟼
Paraskeva,螤伪蟻伪蟽魏蔚蠀维
Chatzivasileiou,围伪蟿味畏尾伪蟽喂位蔚委慰蠀
Moustaka,螠慰蠀蟽蟿维魏伪
Vafeiadis,螔伪蠁蔚喂维未畏蟼
Iatrou,螜伪蟿蟻慰蠉
Zervou,螙苇蟻尾慰蠀
Prifti,螤蟻委蠁蟿畏
Stamouli,危蟿伪渭慰蠉位畏
Kosma,螝慰蟽渭维
Grammenos,螕蟻伪渭渭苇谓慰蟼
Argyros,螒蟻纬蠀蟻蠈蟼
Skouras,危魏慰蠉蟻伪蟼
Karatza,螝伪蟻伪蟿味维
Xenakis,螢蔚谓维魏畏蟼
Lianos,螞喂伪谓蠈蟼
Alexandrou,螒位蔚尉维谓未蟻慰蠀
Kyriakakis,螝蠀蟻喂伪魏维魏畏蟼
Mavrakis,螠伪蠀蟻维魏畏蟼
Oikonomidou,螣喂魏慰谓慰渭委未慰蠀
Tsolakidis,韦蟽慰位伪魏委未畏蟼
Moraiti,螠蠅蟻伪螑蟿畏
Sali,危伪位萎
Baltas,螠蟺伪位蟿维蟼
Stavroulakis,危蟿伪蠀蟻慰蠀位维魏畏蟼
Gavriilidis,螕伪尾蟻喂畏位委未畏蟼
Louka,螞慰蠀魏维
Vagenas,螔伪纬蔚谓维蟼
Lamprakis,螞伪渭蟺蟻维魏畏蟼
Alexandri,螒位蔚尉伪谓未蟻萎
Maragkou,螠伪蟻维纬魏慰蠀
Panos,螤维谓慰蟼
Poulos,螤慰蠉位慰蟼
Dima,螖萎渭伪
Palaiologou,螤伪位伪喂慰位蠈纬慰蠀
Nomikou,螡慰渭喂魏慰蠉
Karakatsanis,螝伪蟻伪魏伪蟿蟽维谓畏蟼
Topalidis,韦慰蟺伪位委未畏蟼
Christodoulakis,围蟻喂蟽蟿慰未慰蠀位维魏畏蟼
Kyritsi,螝蠀蟻委蟿蟽畏
Koulouri,螝慰蠀位慰蠉蟻畏
Simou,危委渭慰蠀
Papa,螤伪蟺维
Michalakis,螠喂蠂伪位维魏畏蟼
Lymperis,螞蠀渭蟺苇蟻畏蟼
Karamanis,螝伪蟻伪渭维谓畏蟼
Chatzigiannis,围伪蟿味畏纬喂维谓谓畏蟼
Kouris,螝慰蠉蟻畏蟼
Emmanouilidou,螘渭渭伪谓慰蠀畏位委未慰蠀
Avgerinos,螒蠀纬蔚蟻喂谓蠈蟼
Maroulis,螠伪蟻慰蠉位畏蟼
Andriopoulos,螒谓未蟻喂蠈蟺慰蠀位慰蟼
Exarchos,螆尉伪蟻蠂慰蟼
Kitsos,螝委蟿蟽慰蟼
Giannakou,螕喂伪谓谓维魏慰蠀
Fragkakis,桅蟻伪纬魏维魏畏蟼
Chalkiadakis,围伪位魏喂伪未维魏畏蟼
Gkiokas,螕魏喂蠈魏伪蟼
Drakou,螖蟻维魏慰蠀
Rallis,巍维位位畏蟼
Karaiskos,螝伪蟻伪螑蟽魏慰蟼
Papoutsi,螤伪蟺慰蠀蟿蟽萎
Pagoni,螤伪纬蠋谓畏
Psomas,唯蠅渭维蟼
Kalaitzi,螝伪位伪蠆蟿味萎
Panopoulos,螤伪谓蠈蟺慰蠀位慰蟼
Savvas,危维尾尾伪蟼
Liapi,螞喂维蟺畏
Memet,螠蔚渭苇蟿
Giannaki,螕喂伪谓谓维魏畏
Gkouma,螕魏慰蠉渭伪
Liakou,螞喂维魏慰蠀
Kotoulas,螝蠅蟿慰蠉位伪蟼
Tsakiridis,韦蟽伪魏喂蟻委未畏蟼
Karanikolas,螝伪蟻伪谓喂魏蠈位伪蟼
Vrettos,螔蟻蔚蟿蟿蠈蟼
Aslanidou,螒蟽位伪谓委未慰蠀
Kavvadias,螝伪尾尾伪未委伪蟼
Tsekoura,韦蟽蔚魏慰蠉蟻伪
Karypidis,螝伪蟻蠀蟺委未畏蟼
Androulakis,螒谓未蟻慰蠀位维魏畏蟼
Drakopoulou,螖蟻伪魏慰蟺慰蠉位慰蠀
Souliotis,危慰蠀位喂蠋蟿畏蟼
Kalantzi,螝伪位伪谓蟿味萎
Mitsopoulos,螠畏蟿蟽蠈蟺慰蠀位慰蟼
Leventis,螞蔚尾苇谓蟿畏蟼
Kapsali,螝伪蠄维位畏
Panagou,螤伪谓伪纬慰蠉
Dimitrova,螖畏渭畏蟿蟻蠈尾伪
Karydis,螝伪蟻蠉未畏蟼
Papapanagiotou,螤伪蟺伪蟺伪谓伪纬喂蠋蟿慰蠀
Stavrakakis,危蟿伪蠀蟻伪魏维魏畏蟼
Chatzidaki,围伪蟿味畏未维魏畏
Karagiannidou,螝伪蟻伪纬喂伪谓谓委未慰蠀
Katsigiannis,螝伪蟿蟽喂纬喂维谓谓畏蟼
Panagiotakis,螤伪谓伪纬喂蠅蟿维魏畏蟼
Ioakeimidis,螜蠅伪魏蔚喂渭委未畏蟼
Maniati,螠伪谓喂维蟿畏
Psarra,唯维蟻蟻伪
Bekiaris,螠蟺蔚魏喂维蟻畏蟼
Thoma,螛蠅渭维
Charisis,围伪蟻委蟽畏蟼
Kyriakos,螝蠀蟻喂维魏慰蟼
Gkekas,螕魏苇魏伪蟼
Varelas,螔伪蟻苇位伪蟼
Kitsios,螝委蟿蟽喂慰蟼
Politou,螤慰位委蟿慰蠀
Nikolakopoulou,螡喂魏慰位伪魏慰蟺慰蠉位慰蠀
Tsaousis,韦蟽伪慰蠉蟽畏蟼
Zotos,螙蠋蟿慰蟼
Arvanitidis,螒蟻尾伪谓喂蟿委未畏蟼
Thomopoulos,螛蠅渭蠈蟺慰蠀位慰蟼
Balla,螠蟺维位位伪
Angelaki,螒纬纬蔚位维魏畏
Kampouri,螝伪渭蟺慰蠉蟻畏
Giannakakis,螕喂伪谓谓伪魏维魏畏蟼
Boura,螠蟺慰蠉蟻伪
Melas,螠蔚位维蟼
Stavridou,危蟿伪蠀蟻委未慰蠀
Sigala,危喂纬维位伪
Alexaki,螒位蔚尉维魏畏
Dionysopoulos,螖喂慰谓蠀蟽蠈蟺慰蠀位慰蟼
Chasapis,围伪蟽维蟺畏蟼
Delis,螖蔚位萎蟼
Kalogerakis,螝伪位慰纬蔚蟻维魏畏蟼
Mavromati,螠伪蠀蟻慰渭维蟿畏
Koukos,螝慰蠉魏慰蟼
Sfakianaki,危蠁伪魏喂伪谓维魏畏
Chalkidis,围伪位魏委未畏蟼
Nakou,螡维魏慰蠀
Triantafyllopoulos,韦蟻喂伪谓蟿伪蠁蠀位位蠈蟺慰蠀位慰蟼
Kalyva,螝伪位蠉尾伪
Stefanopoulos,危蟿蔚蠁伪谓蠈蟺慰蠀位慰蟼
Zachariou,螙伪蠂伪蟻委慰蠀
Mavrommatis,螠伪蠀蟻慰渭渭维蟿畏蟼
Zacharioudakis,螙伪蠂伪蟻喂慰蠀未维魏畏蟼
Mallios,螠维位位喂慰蟼
Kypraios,螝蠀蟺蟻伪委慰蟼
Christoforidou,围蟻喂蟽蟿慰蠁慰蟻委未慰蠀
Poulis,螤慰蠀位萎蟼
Akritidis,螒魏蟻喂蟿委未畏蟼
Karakosta,螝伪蟻伪魏蠋蟽蟿伪
Charitou,围伪蟻委蟿慰蠀
Metaxa,螠蔚蟿伪尉维
Mouratidou,螠慰蠀蟻伪蟿委未慰蠀
Tsakonas,韦蟽维魏蠅谓伪蟼
Moraitou,螠蠅蟻伪螑蟿慰蠀
Kanaki,螝伪谓维魏畏
Moschopoulos,螠慰蟽蠂蠈蟺慰蠀位慰蟼
Mouzakis,螠慰蠀味维魏畏蟼
Zafeiri,螙伪蠁蔚委蟻畏
Christodoulopoulos,围蟻喂蟽蟿慰未慰蠀位蠈蟺慰蠀位慰蟼
Lymperopoulou,螞蠀渭蟺蔚蟻慰蟺慰蠉位慰蠀
Tasios,韦维蟽喂慰蟼
Baka,螠蟺维魏伪
Papaefthymiou,螤伪蟺伪蔚蠀胃蠀渭委慰蠀
Galanos,螕伪位伪谓蠈蟼
Efthymiadou,螘蠀胃蠀渭喂维未慰蠀
Tsiaras,韦蟽喂维蟻伪蟼
Palaiologos,螤伪位伪喂慰位蠈纬慰蟼
Kontopoulos,螝慰谓蟿蠈蟺慰蠀位慰蟼
Gogos,螕魏蠈纬魏慰蟼
Paschali,螤伪蟽蠂维位畏
Kosta,螝蠋蟽蟿伪
Andreadou,螒谓未蟻蔚维未慰蠀
Papadatou,螤伪蟺伪未维蟿慰蠀
Koutsogiannis,螝慰蠀蟿蟽慰纬喂维谓谓畏蟼
Polyzou,螤慰位蠉味慰蠀
Dimitrov,螖畏渭畏蟿蟻蠈蠁
Mitsis,螠萎蟿蟽畏蟼
Konstas,螝蠋谓蟽蟿伪蟼
Dimakopoulos,螖畏渭伪魏蠈蟺慰蠀位慰蟼
Charalampopoulou,围伪蟻伪位伪渭蟺慰蟺慰蠉位慰蠀
Griva,螕蟻委尾伪
Papaspyrou,螤伪蟺伪蟽蟺蠉蟻慰蠀
Vlachaki,螔位伪蠂维魏畏
Vidalis,螔喂未维位畏蟼
Stratis,危蟿蟻伪蟿萎蟼
Tzima,韦味委渭伪
Zacharaki,螙伪蠂伪蟻维魏畏
Manikas,螠伪谓委魏伪蟼
Daniil,螖伪谓喂萎位
Tolis,韦蠈位畏蟼
Grigoropoulos,螕蟻畏纬慰蟻蠈蟺慰蠀位慰蟼
Iakovidis,螜伪魏蠅尾委未畏蟼
Karachaliou,螝伪蟻伪蠂维位喂慰蠀
Voudouris,螔慰蠀未慰蠉蟻畏蟼
Vergos,螔苇蟻纬慰蟼
Daskalopoulos,螖伪蟽魏伪位蠈蟺慰蠀位慰蟼
Orfanou,螣蟻蠁伪谓慰蠉
Komninos,螝慰渭谓畏谓蠈蟼
Ladas,螞伪未维蟼
Alexandropoulou,螒位蔚尉伪谓未蟻慰蟺慰蠉位慰蠀
Arvanitaki,螒蟻尾伪谓喂蟿维魏畏
Peppa,螤苇蟺蟺伪
Roumelioti,巍慰蠀渭蔚位喂蠋蟿畏
Argyrou,螒蟻纬蠀蟻慰蠉
Mavros,螠伪蠉蟻慰蟼
Rigopoulos,巍畏纬蠈蟺慰蠀位慰蟼
Fotis,桅蠋蟿畏蟼
Demertzis,螖蔚渭蔚蟻蟿味萎蟼
Theodoraki,螛蔚慰未蠅蟻维魏畏
Andreopoulos,螒谓未蟻蔚蠈蟺慰蠀位慰蟼
Fragkouli,桅蟻伪纬魏慰蠉位畏
Katsanos,螝伪蟿蟽维谓慰蟼
Chantzis,围伪谓蟿味萎蟼
Papas,螤伪蟺维蟼
Kostoulas,螝蠅蟽蟿慰蠉位伪蟼
Stathakis,危蟿伪胃维魏畏蟼
Katsouli,螝伪蟿蟽慰蠉位畏
Stasinopoulos,危蟿伪蟽喂谓蠈蟺慰蠀位慰蟼
Makridou,螠伪魏蟻委未慰蠀
Parisis,螤伪蟻委蟽畏蟼
Fountas,桅慰蠉谓蟿伪蟼
Georgieva,螕魏蔚慰蟻纬魏委蔚尾伪
Kostaki,螝蠅蟽蟿维魏畏
Mathioudaki,螠伪胃喂慰蠀未维魏畏
Pateraki,螤伪蟿蔚蟻维魏畏
Gounaris,螕慰蠉谓伪蟻畏蟼
Tsolis,韦蟽蠈位畏蟼
Karadimas,螝伪蟻伪未萎渭伪蟼
Zachou,螙维蠂慰蠀
Kazakos,螝伪味维魏慰蟼
Georgiev,螕魏蔚慰蟻纬魏委蔚蠁
Papoutsakis,螤伪蟺慰蠀蟿蟽维魏畏蟼
Balaskas,螠蟺伪位维蟽魏伪蟼
Kalfas,螝维位蠁伪蟼
Oikonomopoulou,螣喂魏慰谓慰渭慰蟺慰蠉位慰蠀
Lazos,螞维味慰蟼
Galanakis,螕伪位伪谓维魏畏蟼
Mavropoulou,螠伪蠀蟻慰蟺慰蠉位慰蠀
Exarchou,螘尉维蟻蠂慰蠀
Spiliopoulou,危蟺畏位喂慰蟺慰蠉位慰蠀
Filippidou,桅喂位喂蟺蟺委未慰蠀
Theologou,螛蔚慰位蠈纬慰蠀
Tsolaki,韦蟽慰位维魏畏
Karadimos,螝伪蟻伪未萎渭慰蟼
Tsagkaraki,韦蟽伪纬魏伪蟻维魏畏
Moysidis,螠蠅蠀蟽委未畏蟼
Pantelidou,螤伪谓蟿蔚位委未慰蠀
Zioga,螙喂蠋纬伪
Adamidou,螒未伪渭委未慰蠀
Kondylis,螝慰谓未蠉位畏蟼
Syrigos,危蠀蟻委纬慰蟼
Antonakis,螒谓蟿蠅谓维魏畏蟼
Kara,螝伪蟻维
Sifakis,危畏蠁维魏畏蟼
Tzavaras,韦味伪尾维蟻伪蟼
Chroni,围蟻蠈谓畏
Kyrou,螝蠉蟻慰蠀
Goula,螕慰蠉位伪
Michopoulos,螠喂蠂蠈蟺慰蠀位慰蟼
Pallas,螤维位位伪蟼
Karanikas,螝伪蟻伪谓委魏伪蟼
Tsonis,韦蟽蠋谓畏蟼
Gavala,螕伪尾伪位维
Kourtidis,螝慰蠀蟻蟿委未畏蟼
Theocharidis,螛蔚慰蠂伪蟻委未畏蟼
Gkotsi,螕魏蠈蟿蟽畏
Mavrogiannis,螠伪蠀蟻慰纬喂维谓谓畏蟼
Poulopoulos,螤慰蠀位蠈蟺慰蠀位慰蟼
Dritsas,螖蟻委蟿蟽伪蟼
Tsami,韦蟽维渭畏
Ballas,螠蟺维位位伪蟼
Kolokythas,螝慰位慰魏蠀胃维蟼
Marinis,螠伪蟻委谓畏蟼
Manou,螠维谓慰蠀
Keramidas,螝蔚蟻伪渭委未伪蟼
Sakka,危伪魏魏维
Laskaris,螞维蟽魏伪蟻畏蟼
Iordanidou,螜慰蟻未伪谓委未慰蠀
Karavasili,螝伪蟻伪尾伪蟽委位畏
Vasilakos,螔伪蟽喂位维魏慰蟼
Pantos,螤维谓蟿慰蟼
Milios,螠委位喂慰蟼
Kostis,螝蠅蟽蟿萎蟼
Kanellos,螝伪谓苇位位慰蟼
Fokas,桅蠅魏维蟼
Matsoukas,螠伪蟿蟽慰蠉魏伪蟼
Karathanasi,螝伪蟻伪胃伪谓维蟽畏
Skiadas,危魏喂维未伪蟼
Chalil,围伪位委位
Toska,韦蠈蟽魏伪
Georgoulas,螕蔚蠅蟻纬慰蠉位伪蟼
Manousaki,螠伪谓慰蠀蟽维魏畏
Kourti,螝慰蠉蟻蟿畏
Schoinas,危蠂慰喂谓维蟼
Orfanidou,螣蟻蠁伪谓委未慰蠀
Almpanis,螒位渭蟺维谓畏蟼
Farmaki,桅伪蟻渭维魏畏
Efstratiou,螘蠀蟽蟿蟻伪蟿委慰蠀
Karampela,螝伪蟻维渭蟺蔚位伪
Galanopoulou,螕伪位伪谓慰蟺慰蠉位慰蠀
Seretis,危蔚蟻苇蟿畏蟼
Kalogianni,螝伪位慰纬喂维谓谓畏
Karageorgou,螝伪蟻伪纬蔚蠋蟻纬慰蠀
Paschou,螤维蟽蠂慰蠀
Anagnostakis,螒谓伪纬谓蠅蟽蟿维魏畏蟼
Lagou,螞伪纬慰蠉
Thanou,螛维谓慰蠀
Mamalis,螠维渭伪位畏蟼
Amet,螒渭苇蟿
Pallis,螤维位位畏蟼
Stefanis,危蟿蔚蠁伪谓萎蟼
Katopodis,螝伪蟿蠅蟺蠈未畏蟼
Nastos,螡维蟽蟿慰蟼
Gavriilidou,螕伪尾蟻喂畏位委未慰蠀
Mastorakis,螠伪蟽蟿慰蟻维魏畏蟼
Panagos,螤伪谓维纬慰蟼
Petsas,螤苇蟿蟽伪蟼
Alexandrakis,螒位蔚尉伪谓未蟻维魏畏蟼
Koutsoukos,螝慰蠀蟿蟽慰蠉魏慰蟼
Savva,危维尾尾伪
Liakopoulou,螞喂伪魏慰蟺慰蠉位慰蠀
Argyri,螒蟻纬蠀蟻萎
Polychronopoulos,螤慰位蠀蠂蟻慰谓蠈蟺慰蠀位慰蟼
Sgouros,危纬慰蠉蟻慰蟼
Tzanis,韦味维谓畏蟼
Lappa,螞维蟺蟺伪
Milionis,螠畏位喂蠋谓畏蟼
Tselepis,韦蟽蔚位蔚蟺萎蟼
Mavroudi,螠伪蠀蟻慰蠉未畏
Raftopoulou,巍伪蠁蟿慰蟺慰蠉位慰蠀
Grammatikos,螕蟻伪渭渭伪蟿喂魏蠈蟼
Markos,螠维蟻魏慰蟼
Maris,螠伪蟻萎蟼
Mitsou,螠萎蟿蟽慰蠀
Chatzoglou,围伪蟿味蠈纬位慰蠀
Chalaris,围伪位维蟻畏蟼
Sarantopoulos,危伪蟻伪谓蟿蠈蟺慰蠀位慰蟼
Giakoumakis,螕喂伪魏慰蠀渭维魏畏蟼
Chondros,围蠈谓未蟻慰蟼
Pouliou,螤慰蠉位喂慰蠀
Andreadakis,螒谓未蟻蔚伪未维魏畏蟼
Manolopoulos,螠伪谓慰位蠈蟺慰蠀位慰蟼
Giannis,螕喂维谓谓畏蟼
Boukouvalas,螠蟺慰蠀魏慰蠉尾伪位伪蟼
Georgiopoulos,螕蔚蠅蟻纬喂蠈蟺慰蠀位慰蟼
Kalaitzakis,螝伪位伪蠆蟿味维魏畏蟼
Katsikis,螝伪蟿蟽委魏畏蟼
Lytras,螞蠉蟿蟻伪蟼
Xenou,螢苇谓慰蠀
Dede,螖苇未蔚
Papoulias,螤伪蟺慰蠉位喂伪蟼
Syrigou,危蠀蟻委纬慰蠀
Lazaris,螞维味伪蟻畏蟼
Stavrakis,危蟿伪蠀蟻维魏畏蟼
Karagiannakis,螝伪蟻伪纬喂伪谓谓维魏畏蟼
Patsis,螤维蟿蟽畏蟼
Platis,螤位伪蟿萎蟼
Tolias,韦蠈位喂伪蟼
Masouras,螠伪蟽慰蠉蟻伪蟼
Siskos,危委蟽魏慰蟼
Aronis,螒蟻蠋谓畏蟼
Stathi,危蟿维胃畏
Evangelopoulos,螘蠀伪纬纬蔚位蠈蟺慰蠀位慰蟼
Anastakis,螒谓伪蟽蟿维魏畏蟼
Kalogiros,螝伪位慰纬萎蟻慰蟼
Manta,螠伪谓蟿维
Christoforou,围蟻喂蟽蟿慰蠁蠈蟻慰蠀
Filippopoulos,桅喂位喂蟺蟺蠈蟺慰蠀位慰蟼
Theodosiadis,螛蔚慰未慰蟽喂维未畏蟼
Papasotiriou,螤伪蟺伪蟽蠅蟿畏蟻委慰蠀
Gakis,螕维魏畏蟼
Kotsi,螝蠈蟿蟽畏
Kokkinakis,螝慰魏魏喂谓维魏畏蟼
Karagiorgos,螝伪蟻伪纬喂蠋蟻纬慰蟼
Diamantidis,螖喂伪渭伪谓蟿委未畏蟼
Savvopoulos,危伪尾尾蠈蟺慰蠀位慰蟼
Chioti,围喂蠋蟿畏
Stratakis,危蟿蟻伪蟿维魏畏蟼
Tsatsos,韦蟽维蟿蟽慰蟼
Athanasakis,螒胃伪谓伪蟽维魏畏蟼
Kokkali,螝蠈魏魏伪位畏
Koutra,螝慰蠉蟿蟻伪
Gkionis,螕魏喂蠋谓畏蟼
Konstantinopoulos,螝蠅谓蟽蟿伪谓蟿喂谓蠈蟺慰蠀位慰蟼
Spyridis,危蟺蠀蟻委未畏蟼
Panteli,螤伪谓蟿蔚位萎
Gioti,螕喂蠋蟿畏
Papapetrou,螤伪蟺伪蟺苇蟿蟻慰蠀
Valavanis,螔伪位伪尾维谓畏蟼
Triantafyllos,韦蟻喂伪谓蟿维蠁蠀位位慰蟼
Kouri,螝慰蠀蟻萎
Pantazopoulou,螤伪谓蟿伪味慰蟺慰蠉位慰蠀
Mouzakitis,螠慰蠀味伪魏委蟿畏蟼
Tatsi,韦维蟿蟽畏
Kolios,螝慰位喂蠈蟼
Paraschou,螤伪蟻维蟽蠂慰蠀
Psarros,唯维蟻蟻慰蟼
Bakogiannis,螠蟺伪魏慰纬喂维谓谓畏蟼
Arapoglou,螒蟻维蟺慰纬位慰蠀
Thanopoulos,螛伪谓蠈蟺慰蠀位慰蟼
Andriotis,螒谓未蟻喂蠋蟿畏蟼
Papadimas,螤伪蟺伪未萎渭伪蟼
Sarantis,危伪蟻维谓蟿畏蟼
Barmpas,螠蟺维蟻渭蟺伪蟼
Papagiannopoulou,螤伪蟺伪纬喂伪谓谓慰蟺慰蠉位慰蠀
Ziakas,螙喂维魏伪蟼
Alexandridou,螒位蔚尉伪谓未蟻委未慰蠀
Bekas,螠蟺苇魏伪蟼
Drivas,螖蟻委尾伪蟼
Manolas,螠伪谓蠅位维蟼
Stylianou,危蟿蠀位喂伪谓慰蠉
Ilia,螚位委伪
Moysiadis,螠蠅蠀蟽喂维未畏蟼
Tseliou,韦蟽苇位喂慰蠀
Zachariadou,螙伪蠂伪蟻喂维未慰蠀
Kalafatis,螝伪位伪蠁维蟿畏蟼
Mohammad,螠慰蠂维渭伪谓蟿
Venetis,螔蔚谓苇蟿畏蟼
Kaloudi,螝伪位慰蠉未畏
Karagkouni,螝伪蟻伪纬魏慰蠉谓畏
Tsiamis,韦蟽喂维渭畏蟼
Spiliotopoulos,危蟺畏位喂蠅蟿蠈蟺慰蠀位慰蟼
Damianidis,螖伪渭喂伪谓委未畏蟼
Savvakis,危伪尾尾维魏畏蟼
Avgeris,螒蠀纬苇蟻畏蟼
Tsompanidis,韦蟽慰渭蟺伪谓委未畏蟼
Filis,桅委位畏蟼
Gkioka,螕魏喂蠈魏伪
Tzika,韦味委魏伪
Kypraiou,螝蠀蟺蟻伪委慰蠀
Prokopiou,螤蟻慰魏慰蟺委慰蠀
Bellou,螠蟺苇位位慰蠀
Tsakalos,韦蟽维魏伪位慰蟼
Polychronidis,螤慰位蠀蠂蟻慰谓委未畏蟼
Voulgarakis,螔慰蠀位纬伪蟻维魏畏蟼
Tzortzi,韦味蠋蟻蟿味畏
Papacharalampous,螤伪蟺伪蠂伪蟻伪位维渭蟺慰蠀蟼
Akrivos,螒魏蟻委尾慰蟼
Saridakis,危伪蟻喂未维魏畏蟼